,region,product_category,revenue,profit,units_sold,margin
0,East,Home Decor,5399.4,1299.3999999999996,60,0.24
1,North,Electronics,29999.0,4999.0,100,0.17
2,North,Fashion,1599.6000000000001,399.60000000000014,40,0.25
3,South,Fashion,3999.2000000000003,799.2000000000003,80,0.2
4,South,Home Decor,4999.5,399.5,50,0.08
5,West,Electronics,25199.100000000002,1199.1000000000022,90,0.05
